,dy_lfy,ps_lyr,pe_ttm,ps_ttm,pb_lyr,dy_ttm,pe_lyr
2023-09-04,8.6207,1.7058,9.5187,1.6869,1.492,8.6207,8.441
2023-09-05,8.5685,1.7162,9.5766,1.6972,1.5011,8.5685,8.4923
2023-09-06,8.5916,1.7116,9.5508,1.6926,1.4971,8.5916,8.4695
2023-09-08,8.6617,1.6977,9.4736,1.6789,1.485,8.6617,8.401
2023-09-11,8.5599,1.7179,9.5862,1.6989,1.5026,8.5599,8.5009
2023-09-12,8.5542,1.7191,9.5927,1.7,1.5036,8.5542,8.5066
2023-09-13,8.427,1.745,9.7375,1.7257,1.5263,8.427,8.635
2023-09-14,8.1862,1.7964,10.0239,1.7764,1.5712,8.1862,8.889
2023-09-15,8.1809,1.7975,10.0303,1.7776,1.5722,8.1809,8.8947
2023-09-18,8.1652,1.801,10.0496,1.781,1.5753,8.1652,8.9118
2023-09-19,8.1262,1.8096,10.0979,1.7896,1.5828,8.1262,8.9546
2023-09-20,8.103,1.8148,10.1269,1.7947,1.5874,8.103,8.9803
2023-09-22,8.16,1.8021,10.0561,1.7821,1.5763,8.16,8.9175
2023-09-25,8.134,1.8079,10.0882,1.7878,1.5813,8.134,8.9461
2023-09-26,8.1836,1.7969,10.0271,1.777,1.5717,8.1836,8.8918
2023-09-28,8.1731,1.7992,10.04,1.7793,1.5737,8.1731,8.9033
2023-10-09,8.0824,1.8194,10.1526,1.7993,1.5914,8.0824,9.0031
2023-10-10,8.2099,1.7912,9.9949,1.7713,1.5667,8.2099,8.8633
2023-10-11,8.2631,1.7796,9.9306,1.7599,1.5566,8.2631,8.8062
2023-10-12,8.3062,1.7704,9.8791,1.7508,1.5485,8.3062,8.7606
2023-10-13,8.2873,1.7744,9.9016,1.7548,1.5521,8.2873,8.7805
2023-10-16,8.1133,1.8125,10.114,1.7924,1.5853,8.1133,8.9689
2023-10-17,8.0722,1.8217,10.1655,1.8015,1.5934,8.0722,9.0145
2023-10-18,8.0696,1.8223,10.1687,1.8021,1.5939,8.0696,9.0174
2023-10-19,8.2391,1.7848,9.9595,1.765,1.5611,8.2391,8.8319
2023-10-20,8.2846,1.775,9.9048,1.7553,1.5526,8.2846,8.7834
2023-10-23,8.2444,1.7837,9.9531,1.7639,1.5601,8.2444,8.8262
2023-10-24,8.3361,1.7641,9.8437,1.7445,1.543,8.3361,8.7292
2023-10-25,8.3992,1.7508,9.7697,1.7314,1.5314,8.3992,8.6635
2023-10-26,8.347,1.7618,9.8308,1.7422,1.541,8.347,8.7178
2023-10-27,8.402,1.7502,9.7664,1.7308,1.5309,8.402,8.6607
2023-10-30,8.583,1.7133,10.0488,1.7035,1.4986,8.583,8.4781
2023-10-31,8.4103,1.7485,10.2551,1.7385,1.5294,8.4103,8.6521
2023-11-01,8.4186,1.7468,10.2449,1.7368,1.5278,8.4186,8.6436
2023-11-02,8.3634,1.7583,10.3126,1.7483,1.5379,8.3634,8.7006
2023-11-03,8.3964,1.7514,10.272,1.7414,1.5319,8.3964,8.6664
2023-11-06,8.6499,1.7001,9.971,1.6903,1.487,8.6499,8.4124
2023-11-07,8.6003,1.7099,10.0285,1.7001,1.4956,8.6003,8.4609
2023-11-08,8.5685,1.7162,10.0657,1.7064,1.5011,8.5685,8.4923
2023-11-10,8.1994,1.7935,10.5189,1.7832,1.5687,8.1994,8.8747
2023-11-13,8.2444,1.7837,10.4614,1.7735,1.5601,8.2444,8.8262
2023-11-15,8.2954,1.7727,10.3971,1.7626,1.5505,8.2954,8.772
2023-11-20,8.3008,1.7716,10.3904,1.7614,1.5495,8.3008,8.7663
2023-11-21,8.3035,1.771,10.387,1.7609,1.549,8.3035,8.7634
2023-11-22,8.3197,1.7675,10.3667,1.7574,1.546,8.3197,8.7463
2023-11-23,8.2391,1.7848,10.4682,1.7746,1.5611,8.2391,8.8319
2023-11-24,8.2126,1.7906,10.502,1.7804,1.5662,8.2126,8.8604
2023-11-28,8.2285,1.7871,10.4817,1.7769,1.5632,8.2285,8.8433
2023-11-29,8.1809,1.7975,10.5426,1.7872,1.5722,8.1809,8.8947
2023-11-30,8.0978,1.816,10.6508,1.8056,1.5884,8.0978,8.986
2023-12-01,8.0927,1.8171,10.6576,1.8067,1.5894,8.0927,8.9917
2023-12-05,8.1522,1.8039,10.5798,1.7936,1.5778,8.1522,8.9261
2023-12-06,8.2152,1.79,10.4986,1.7798,1.5657,8.2152,8.8576
2023-12-07,8.3415,1.7629,10.3396,1.7528,1.542,8.3415,8.7235
2023-12-08,8.3388,1.7635,10.343,1.7534,1.5425,8.3388,8.7263
2023-12-11,8.2046,1.7923,10.5121,1.7821,1.5677,8.2046,8.869
2023-12-12,8.16,1.8021,10.5696,1.7918,1.5763,8.16,8.9175
2023-12-13,8.2846,1.775,10.4107,1.7649,1.5526,8.2846,8.7834
2023-12-14,8.3089,1.7698,10.3802,1.7597,1.548,8.3089,8.7577
2023-12-15,8.3854,1.7537,10.2855,1.7437,1.5339,8.3854,8.6778
2023-12-18,8.2927,1.7733,10.4005,1.7632,1.551,8.2927,8.7748
2023-12-19,8.2792,1.7762,10.4174,1.766,1.5536,8.2792,8.7891
2023-12-20,8.2179,1.7894,10.4952,1.7792,1.5652,8.2179,8.8547
2023-12-21,8.2873,1.7744,10.4073,1.7643,1.5521,8.2873,8.7805
2023-12-22,8.1262,1.8096,10.6136,1.7993,1.5828,8.1262,8.9546
2023-12-25,8.029,1.8315,10.7421,1.8211,1.602,8.029,9.0631
2023-12-26,8.1444,1.8056,10.5899,1.7953,1.5793,8.1444,8.9346
2023-12-27,8.0569,1.8252,10.7049,1.8148,1.5964,8.0569,9.0317
2023-12-28,8.1678,1.8004,10.5595,1.7901,1.5748,8.1678,8.909
2023-12-29,8.134,1.8079,10.6034,1.7976,1.5813,8.134,8.9461
2024-01-02,7.8752,1.8673,10.9518,1.8566,1.6333,7.8752,9.24
2024-01-03,7.732,1.9019,11.1548,1.891,1.6635,7.732,9.4112
2024-01-04,7.6279,1.9278,11.307,1.9168,1.6862,7.6279,9.5396
2024-01-05,7.6233,1.929,11.3137,1.918,1.6872,7.6233,9.5453
2024-01-08,7.578,1.9405,11.3814,1.9295,1.6973,7.578,9.6024
2024-01-09,7.489,1.9636,11.5167,1.9524,1.7175,7.489,9.7165
2024-01-10,7.5332,1.9521,11.449,1.9409,1.7074,7.5332,9.6595
2024-01-15,7.4912,1.963,11.5133,1.9518,1.717,7.4912,9.7137
2024-01-16,7.4387,1.9769,11.5945,1.9656,1.7291,7.4387,9.7822
2024-01-17,7.4692,1.9688,11.5471,1.9575,1.722,7.4692,9.7422
2024-01-18,7.4846,1.9647,11.5234,1.9535,1.7185,7.4846,9.7222
2024-01-19,7.6692,1.9175,11.2461,1.9065,1.6771,7.6692,9.4882
2024-01-22,7.7367,1.9007,11.148,1.8899,1.6625,7.7367,9.4055
2024-01-23,7.5848,1.9388,11.3712,1.9277,1.6958,7.5848,9.5938
2024-01-24,7.3678,1.9959,11.7061,1.9845,1.7457,7.3678,9.8763
2024-01-25,7.2608,2.0253,11.8786,2.0137,1.7715,7.2608,10.0219
2024-01-26,7.1229,2.0645,12.1086,2.0527,1.8058,7.1229,10.2159
2024-01-29,7.1529,2.0559,12.0578,2.0441,1.7982,7.1529,10.1731
2024-01-30,7.1309,2.0622,12.095,2.0504,1.8038,7.1309,10.2045
2024-01-31,6.8696,2.1406,12.555,2.1284,1.8724,6.8696,10.5926
2024-02-01,7.0248,2.0933,12.2777,2.0814,1.831,7.0248,10.3586
2024-02-02,6.8882,2.1349,12.5212,2.1227,1.8673,6.8882,10.5641
2024-02-05,6.6876,2.1989,12.8966,2.1863,1.9233,6.6876,10.8808
2024-02-06,6.7568,2.1764,12.7647,2.164,1.9036,6.7568,10.7695
2024-02-07,6.6079,2.2254,13.0522,2.2127,1.9465,6.6079,11.0121
2024-02-08,6.6982,2.1954,12.8763,2.1829,1.9203,6.6982,10.8637
2024-02-19,6.4054,2.2958,13.4649,2.2827,2.008,6.4054,11.3602
2024-02-20,6.4135,2.2929,13.4479,2.2798,2.0055,6.4135,11.3459
2024-02-21,6.4426,2.2825,13.3871,2.2695,1.9964,6.4426,11.2946
2024-02-22,6.2454,2.3546,13.8098,2.3411,2.0595,6.2454,11.6513
2024-02-23,6.399,2.2981,13.4784,2.285,2.0101,6.399,11.3716
2024-02-27,6.6096,2.2248,13.0488,2.2121,1.946,6.6096,11.0092
2024-02-28,6.5385,2.2491,13.1909,2.2362,1.9672,6.5385,11.1291
2024-02-29,6.6062,2.226,13.0556,2.2133,1.947,6.6062,11.0149
2024-03-01,6.6441,2.2133,12.9812,2.2007,1.9359,6.6441,10.9521
2024-03-04,6.5401,2.2485,13.1875,2.2356,1.9667,6.5401,11.1262
2024-03-05,6.4475,2.2808,13.3769,2.2677,1.9949,6.4475,11.286
2024-03-06,6.4688,2.2733,13.3329,2.2603,1.9884,6.4688,11.2489
2024-03-07,6.3607,2.3119,13.5596,2.2987,2.0222,6.3607,11.4401
2024-03-08,6.4151,2.2923,13.4446,2.2792,2.005,6.4151,11.3431
2024-03-11,6.5891,2.2318,13.0894,2.219,1.952,6.5891,11.0435
2024-03-12,6.8585,2.1441,12.5753,2.1319,1.8754,6.8585,10.6097
2024-03-13,6.8789,2.1378,12.5381,2.1255,1.8698,6.8789,10.5783
2024-03-14,6.8145,2.1579,12.6565,2.1456,1.8875,6.8145,10.6782
2024-03-15,6.8346,2.1516,12.6193,2.1393,1.8819,6.8346,10.6468
2024-03-18,6.9369,2.1199,12.4333,2.1078,1.8542,6.9369,10.4899
2024-03-19,6.831,2.1527,12.626,2.1405,1.8829,6.831,10.6525
2024-03-20,6.8018,2.162,12.6802,2.1496,1.891,6.8018,10.6982
2024-03-21,6.7693,2.1724,12.741,2.16,1.9001,6.7693,10.7495
2024-03-22,6.7211,2.1879,12.8324,2.1754,1.9137,6.7211,10.8266
2024-03-25,5.8686,2.2302,12.8176,2.2302,1.8722,6.6217,12.8176
2024-03-26,5.9427,2.2024,12.6579,2.2024,1.8488,6.7052,12.6579
2024-03-27,5.8187,2.2493,12.9275,2.2493,1.8882,6.5654,12.9275
2024-03-28,5.8489,2.2378,12.8609,2.2378,1.8785,6.5994,12.8609
2024-03-29,5.7815,2.2638,13.0107,2.2638,1.9004,6.5234,13.0107
2024-04-01,5.8885,2.2227,12.7744,2.2227,1.8658,6.6441,12.7744
2024-04-02,5.7875,2.2615,12.9974,2.2615,1.8984,6.5301,12.9974
2024-04-03,5.7085,2.2928,13.1771,2.2928,1.9247,6.441,13.1771
2024-04-08,5.71,2.2922,13.1738,2.2922,1.9242,6.4426,13.1738
2024-04-09,5.6941,2.2986,13.2104,2.2986,1.9295,6.4248,13.2104
2024-04-10,5.6317,2.3241,13.3568,2.3241,1.9509,6.3543,13.3568
2024-04-11,5.65,2.3165,13.3136,2.3165,1.9446,6.375,13.3136
2024-04-12,5.6884,2.3009,13.2237,2.3009,1.9315,6.4183,13.2237
2024-04-15,5.5055,2.3773,13.6631,2.3773,1.9956,6.2119,13.6631
2024-04-16,5.4197,2.415,13.8794,2.415,2.0272,6.1151,13.8794
2024-04-17,5.3938,2.4266,13.946,2.4266,2.037,6.0859,13.946
2024-04-18,5.4642,2.3953,13.7662,2.3953,2.0107,6.1654,13.7662
2024-04-19,5.3951,2.426,13.9426,2.426,2.0365,6.0874,13.9426
2024-04-22,5.6079,2.3339,13.4134,2.3339,1.9592,6.3275,13.4134
2024-04-23,5.6642,2.3107,13.2803,2.3107,1.9397,6.391,13.2803
2024-04-24,5.6784,2.3049,13.247,2.3049,1.9349,6.407,13.247
2024-04-25,5.6557,2.3142,13.3003,2.3142,1.9427,6.3814,13.3003
2024-04-26,5.7143,2.2905,13.1638,2.2905,1.9227,6.4475,13.1638
2024-04-29,5.7949,2.2586,13.6024,2.2546,1.896,6.5385,12.9807
2024-04-30,5.6741,2.3067,13.8919,2.3026,1.9363,6.4022,13.257
2024-05-06,5.7143,2.2905,13.7942,2.2864,1.9227,6.4475,13.1638
2024-05-07,5.6599,2.3125,13.9267,2.3084,1.9412,6.3862,13.2903
2024-05-08,5.4921,2.3831,14.3522,2.3789,2.0005,6.1968,13.6963
2024-05-09,5.5324,2.3658,14.2476,2.3616,1.9859,6.2424,13.5965
2024-05-10,5.5162,2.3727,14.2895,2.3685,1.9918,6.2241,13.6364
2024-05-13,5.5419,2.3617,14.2232,2.3575,1.9825,6.2531,13.5732
2024-05-14,5.6121,2.3322,14.0453,2.3281,1.9577,6.3323,13.4034
2024-05-15,5.6261,2.3264,14.0104,2.3223,1.9529,6.348,13.3702
2024-05-16,5.7071,2.2934,13.8116,2.2893,1.9251,6.4394,13.1804
2024-05-17,5.6656,2.3102,13.9128,2.3061,1.9392,6.3926,13.277
2024-05-20,5.5216,2.3704,14.2755,2.3662,1.9898,6.2301,13.6231
2024-05-21,5.3848,2.4306,14.6382,2.4263,2.0404,6.0758,13.9693
2024-05-22,5.4145,2.4173,14.558,2.413,2.0292,6.1092,13.8927
2024-05-24,5.4708,2.3924,14.408,2.3882,2.0083,6.1728,13.7496
2024-05-27,5.381,2.4324,14.6487,2.4281,2.0418,6.0714,13.9793
2024-05-28,5.2681,2.4845,14.9626,2.4801,2.0856,5.9441,14.2788
2024-05-29,5.2014,2.5163,15.1544,2.5119,2.1123,5.8688,14.4619
2024-05-30,5.2448,2.4955,15.0289,2.4911,2.0948,5.9178,14.3421
2024-05-31,5.339,2.4515,14.7638,2.4472,2.0579,6.0241,14.0891
2024-06-03,5.2146,2.51,15.1161,2.5055,2.107,5.8837,14.4253
2024-06-04,5.3377,2.452,14.7673,2.4477,2.0584,6.0227,14.0924
2024-06-05,5.2865,2.4758,14.9103,2.4714,2.0783,5.9649,14.2289
2024-06-06,5.1178,2.5574,15.4021,2.5529,2.1468,5.7745,14.6982
2024-06-07,5.1189,2.5569,15.3986,2.5524,2.1463,5.7758,14.6949
2024-06-12,5.0616,2.5858,15.573,2.5813,2.1707,5.7111,14.8613
2024-06-13,5.0695,2.5818,15.5485,2.5772,2.1673,5.7201,14.838
2024-06-14,5.0958,2.5685,15.4683,2.5639,2.1561,5.7497,14.7614
2024-06-17,5.1906,2.5215,15.1858,2.5171,2.1167,5.8567,14.4918
2024-06-18,5.1871,2.5233,15.1963,2.5188,2.1182,5.8527,14.5018
2024-06-19,5.2026,2.5158,15.1509,2.5113,2.1118,5.8702,14.4585
2024-06-20,5.0639,2.5847,15.566,2.5801,2.1697,5.7136,14.8546
2024-06-21,5.1236,2.5546,15.3846,2.5501,2.1444,5.781,14.6815
2024-06-24,5.1073,2.5627,15.4335,2.5581,2.1512,5.7627,14.7281
2024-06-25,5.1445,2.5441,15.3218,2.5396,2.1357,5.8047,14.6216
2024-06-26,5.1657,2.5337,15.2591,2.5292,2.1269,5.8286,14.5617
2024-06-27,5.1954,2.5192,15.1719,2.5148,2.1147,5.8621,14.4785
2024-06-28,5.0935,2.5696,15.4753,2.5651,2.157,5.7471,14.7681
2024-07-01,4.9912,2.6223,15.7927,2.6177,2.2013,5.6316,15.071
2024-07-02,4.9345,2.6524,15.9741,2.6478,2.2266,5.5677,15.244
2024-07-03,4.9945,2.6206,15.7822,2.616,2.1998,5.6354,15.061
2024-07-04,4.978,2.6293,15.8345,2.6246,2.2071,5.6167,15.1109
2024-07-05,5.0111,2.6119,15.7299,2.6073,2.1925,5.0111,15.0111
2024-07-08,5.2098,2.5123,15.13,2.5079,2.1089,5.2098,14.4386
2024-07-09,5.2074,2.5134,15.137,2.509,2.1099,5.2074,14.4452
2024-07-10,5.4184,2.4156,14.5476,2.4113,2.0277,5.4184,13.8827
2024-07-11,5.4223,2.4138,14.5371,2.4096,2.0263,5.4223,13.8727
2024-07-12,5.4841,2.3866,14.3732,2.3824,2.0034,5.4841,13.7163
2024-07-15,5.3314,2.4549,14.7847,2.4506,2.0608,5.3314,14.1091
2024-07-16,5.3289,2.4561,14.7917,2.4518,2.0618,5.3289,14.1157
2024-07-17,5.4171,2.4161,14.551,2.4119,2.0282,5.4171,13.8861
2024-07-18,5.3746,2.4353,14.6661,2.431,2.0443,5.3746,13.9959
2024-07-19,5.3848,2.4306,14.6382,2.4263,2.0404,5.3848,13.9693
2024-07-22,5.4158,2.4167,14.5545,2.4125,2.0287,5.4158,13.8894
2024-07-23,5.5041,2.3779,14.3208,2.3737,1.9961,5.5041,13.6664
2024-07-24,5.4119,2.4185,14.565,2.4142,2.0302,5.4119,13.8994
2024-07-25,5.4788,2.3889,14.3871,2.3847,2.0054,5.4788,13.7296
2024-07-26,5.5392,2.3629,14.2302,2.3587,1.9835,5.5392,13.5799
2024-07-29,5.5338,2.3652,14.2441,2.361,1.9854,5.5338,13.5932
2024-07-30,5.6784,2.3049,13.8814,2.3009,1.9349,5.6784,13.247
2024-07-31,5.6855,2.3021,13.8639,2.298,1.9324,5.6855,13.2304
2024-08-01,5.7346,2.2824,13.7454,2.2783,1.9159,5.7346,13.1172
2024-08-02,5.7786,2.265,13.6407,2.261,1.9013,5.7786,13.0174
2024-08-05,5.8747,2.2279,13.4175,2.224,1.8702,5.8747,12.8043
2024-08-06,5.924,2.2094,13.3059,2.2055,1.8547,5.924,12.6978
2024-08-07,5.8128,2.2517,13.5605,2.2477,1.8901,5.8128,12.9408
2024-08-08,5.8113,2.2522,13.564,2.2483,1.8906,5.8113,12.9441
2024-08-09,5.7875,2.2615,13.6198,2.2575,1.8984,5.7875,12.9974
2024-08-12,5.7506,2.276,13.707,2.272,1.9106,5.7506,13.0806
2024-08-13,5.783,2.2632,13.6303,2.2593,1.8999,5.783,13.0074
2024-08-14,5.7756,2.2661,13.6477,2.2622,1.9023,5.7756,13.024
2024-08-15,5.6233,2.3275,14.0174,2.3234,1.9538,5.6233,13.3768
2024-08-16,5.5761,2.3472,14.136,2.3431,1.9704,5.5761,13.49
2024-08-20,5.6941,2.2986,13.843,2.2945,1.9295,5.6941,13.2104
2024-08-21,5.6827,2.3032,13.8709,2.2992,1.9334,5.6827,13.237
2024-08-22,5.6599,2.3125,13.9267,2.3084,1.9412,5.6599,13.2903
2024-08-23,5.6107,2.3327,14.0488,2.3286,1.9582,5.6107,13.4068
2024-08-26,5.601,2.3368,14.0732,2.3327,1.9616,5.601,13.4301
2024-08-27,5.4197,2.415,14.5441,2.4107,2.0272,5.4197,13.8794
2024-08-28,5.4576,2.3982,14.4429,2.394,2.0131,5.4576,13.7829
2024-08-29,5.546,2.36,14.2127,2.3558,1.9811,5.546,13.5632
2024-08-30,5.5734,2.3484,14.143,2.3442,1.9713,5.5734,13.4966
2024-09-02,5.5015,2.3791,14.5961,2.3886,1.9971,5.5015,13.673
2024-09-03,5.6247,2.327,14.2763,2.3362,1.9533,5.6247,13.3735
2024-09-04,5.6984,2.2968,14.0916,2.306,1.9281,5.6984,13.2004
2024-09-05,5.8368,2.2424,13.7576,2.2514,1.8824,5.8368,12.8875
2024-09-06,5.9411,2.203,13.516,2.2118,1.8493,5.9411,12.6612
2024-09-09,6.072,2.1555,13.2246,2.1641,1.8094,6.072,12.3883
2024-09-10,6.0283,2.1712,13.3205,2.1798,1.8226,6.0283,12.4782
2024-09-11,6.1513,2.1277,13.0541,2.1362,1.7861,6.1513,12.2285
2024-09-12,6.009,2.1781,13.3632,2.1868,1.8284,6.009,12.5181
2024-09-13,5.9709,2.192,13.4484,2.2008,1.8401,5.9709,12.598
2024-09-18,5.91,2.2146,13.587,2.2234,1.859,5.91,12.7278
2024-09-19,5.9474,2.2007,13.5017,2.2095,1.8474,5.9474,12.6479
2024-09-20,5.8701,2.2297,13.6794,2.2386,1.8717,5.8701,12.8143
2024-09-23,5.7801,2.2644,13.8926,2.2734,1.9008,5.7801,13.014
2024-09-24,5.4881,2.3849,14.6316,2.3944,2.002,5.4881,13.7063
2024-09-25,5.4093,2.4196,14.8448,2.4293,2.0311,5.4093,13.906
2024-09-26,5.289,2.4746,15.1824,2.4845,2.0773,5.289,14.2222
2024-09-30,5.1835,2.525,15.4915,2.5351,2.1196,5.1835,14.5118
2024-10-08,5.3252,2.4578,15.0793,2.4676,2.0632,5.3252,14.1257
2024-10-09,5.601,2.3368,14.3367,2.3461,1.9616,5.601,13.4301
2024-10-10,5.2619,2.4874,15.2605,2.4973,2.088,5.2619,14.2955
2024-10-11,5.3052,2.4671,15.1362,2.477,2.071,5.3052,14.179
2024-10-14,5.2965,2.4712,15.161,2.481,2.0744,5.2965,14.2023
2024-10-15,5.4054,2.4214,14.8555,2.431,2.0326,5.4054,13.916
2024-10-16,5.4418,2.4051,14.756,2.4147,2.019,5.4418,13.8228
2024-10-17,5.5135,2.3739,14.5641,2.3833,1.9927,5.5135,13.6431
2024-10-18,5.3835,2.4312,14.9159,2.4409,2.0409,5.3835,13.9726
2024-10-21,5.4695,2.393,14.6814,2.4025,2.0088,5.4695,13.7529
2024-10-22,5.4537,2.3999,14.724,2.4095,2.0146,5.4537,13.7929
2024-10-23,5.5055,2.3773,14.5854,2.3868,1.9956,5.5055,13.6631
2024-10-24,5.4735,2.3912,14.6707,2.4008,2.0073,5.4735,13.7429
2024-10-25,5.5216,2.3704,14.5428,2.3798,1.9898,5.5216,13.6231
2024-10-29,5.5149,2.3733,14.1605,2.3634,1.9922,5.5149,13.6398
2024-10-30,5.5885,2.342,13.9739,2.3323,1.966,5.5885,13.46
2024-10-31,5.6444,2.3188,13.8356,2.3092,1.9465,5.6444,13.3269
2024-11-01,5.5028,2.3785,14.1916,2.3686,1.9966,5.5028,13.6697
2024-11-04,5.546,2.36,14.081,2.3502,1.9811,5.546,13.5632
2024-11-05,5.5082,2.3762,14.1777,2.3663,1.9947,5.5082,13.6564
2024-11-06,5.6038,2.3356,13.9358,2.3259,1.9606,5.6038,13.4234
2024-11-07,5.5379,2.3634,14.1017,2.3536,1.984,5.5379,13.5832
2024-11-08,5.6233,2.3275,13.8875,2.3179,1.9538,5.6233,13.3768
2024-11-11,5.739,2.2806,13.6076,2.2711,1.9145,5.739,13.1072
2024-11-12,5.8083,2.2534,13.4452,2.244,1.8916,5.8083,12.9508
2024-11-13,5.7404,2.28,13.6041,2.2706,1.914,5.7404,13.1039
2024-11-15,5.6303,2.3246,13.8702,2.315,1.9514,5.6303,13.3602
2024-11-18,5.455,2.3993,14.3159,2.3894,2.0141,5.455,13.7895
2024-11-19,5.4974,2.3808,14.2054,2.3709,1.9986,5.4974,13.683
2024-11-20,5.5068,2.3768,14.1812,2.3669,1.9952,5.5068,13.6597
2024-11-21,5.4868,2.3854,14.233,2.3755,2.0024,5.4868,13.7097
2024-11-25,5.6345,2.3229,13.8598,2.3132,1.9499,5.6345,13.3502
2024-11-26,5.6784,2.3049,13.7527,2.2954,1.9349,5.6784,13.247
2024-11-27,5.5665,2.3513,14.0291,2.3415,1.9738,5.5665,13.5133
2024-11-28,5.6121,2.3322,13.9151,2.3225,1.9577,5.6121,13.4034
2024-11-29,5.6557,2.3142,13.808,2.3046,1.9427,5.6557,13.3003
2024-12-03,5.6177,2.3298,13.9013,2.3202,1.9558,5.6177,13.3901
2024-12-04,5.3682,2.4381,14.5475,2.428,2.0467,5.3682,14.0125
2024-12-05,5.3912,2.4277,14.4853,2.4176,2.0379,5.3912,13.9526
2024-12-06,5.3377,2.452,14.6304,2.4419,2.0584,5.3377,14.0924
2024-12-09,5.3176,2.4613,14.6857,2.4511,2.0661,5.3176,14.1457
2024-12-10,5.3126,2.4636,14.6995,2.4534,2.0681,5.3126,14.159
2024-12-11,5.2098,2.5123,14.9898,2.5018,2.1089,5.2098,14.4386
2024-12-12,5.2424,2.4966,14.8965,2.4863,2.0958,5.2424,14.3487
2024-12-13,5.3052,2.4671,14.7202,2.4568,2.071,5.3052,14.179
2024-12-16,5.2014,2.5163,15.014,2.5059,2.1123,5.2014,14.4619
2024-12-17,5.2804,2.4787,14.7893,2.4684,2.0807,5.2804,14.2455
2024-12-18,5.2485,2.4937,14.8792,2.4834,2.0934,5.2485,14.3321
2024-12-19,5.3039,2.4677,14.7237,2.4574,2.0715,5.3039,14.1823
2024-12-20,5.4669,2.3941,14.2849,2.3842,2.0097,5.4669,13.7596
2024-12-23,5.4093,2.4196,14.4369,2.4096,2.0311,5.4093,13.906
2024-12-24,5.4145,2.4173,14.4231,2.4072,2.0292,5.4145,13.8927
2024-12-25,5.2681,2.4845,14.8239,2.4741,2.0856,5.2681,14.2788
2024-12-26,5.3643,2.4399,14.5578,2.4297,2.0481,5.3643,14.0225
2024-12-27,5.3567,2.4434,14.5786,2.4332,2.0511,5.3567,14.0425
2024-12-30,5.2828,2.4775,14.7824,2.4672,2.0797,5.2828,14.2389
2024-12-31,5.1978,2.5181,15.0243,2.5076,2.1138,5.1978,14.4719
2025-01-02,5.3064,2.4665,14.7168,2.4563,2.0705,5.3064,14.1756
2025-01-03,5.372,2.4364,14.5371,2.4263,2.0452,5.372,14.0026
2025-01-06,5.4054,2.4214,14.4473,2.4113,2.0326,5.4054,13.916
2025-01-07,5.4988,2.3802,14.2019,2.3703,1.9981,5.4988,13.6797
2025-01-08,5.5284,2.3675,14.1259,2.3577,1.9874,5.5284,13.6065
2025-01-09,5.7114,2.2916,13.6732,2.2821,1.9237,5.7114,13.1705
2025-01-10,5.7682,2.269,13.5385,2.2596,1.9047,5.7682,13.0407
2025-01-14,5.7477,2.2771,13.5868,2.2677,1.9115,5.7477,13.0872
2025-01-15,5.7638,2.2708,13.5488,2.2613,1.9062,5.7638,13.0506
2025-01-16,5.6927,2.2992,13.7182,2.2896,1.93,5.6927,13.2137
2025-01-17,5.7056,2.2939,13.6871,2.2844,1.9256,5.7056,13.1838
2025-01-20,5.8338,2.2436,13.3864,2.2342,1.8833,5.8338,12.8942
2025-01-21,5.9147,2.2129,13.2033,2.2037,1.8576,5.9147,12.7178
2025-01-22,5.9333,2.2059,13.1618,2.1967,1.8517,5.9333,12.6779
2025-01-23,5.8839,2.2244,13.2724,2.2152,1.8673,5.8839,12.7844
2025-01-24,5.783,2.2632,13.5039,2.2538,1.8999,5.783,13.0074
2025-01-27,5.65,2.3165,13.8218,2.3069,1.9446,5.65,13.3136
2025-02-05,5.8217,2.2482,13.4141,2.2388,1.8872,5.8217,12.9208
2025-02-06,5.8023,2.2557,13.459,2.2463,1.8936,5.8023,12.9641
2025-02-07,5.8113,2.2522,13.4383,2.2429,1.8906,5.8113,12.9441
2025-02-10,5.8564,2.2349,13.3346,2.2256,1.876,5.8564,12.8443
2025-02-11,5.8625,2.2326,13.3208,2.2233,1.8741,5.8625,12.831
2025-02-12,5.9131,2.2134,13.2067,2.2042,1.8581,5.9131,12.7211
2025-02-13,5.9302,2.2071,13.1687,2.1979,1.8527,5.9302,12.6845
2025-02-14,5.9271,2.2082,13.1756,2.1991,1.8537,5.9271,12.6912
2025-02-17,6.0622,2.159,12.8819,2.15,1.8124,6.0622,12.4083
2025-02-18,6.1732,2.1202,12.6504,2.1114,1.7798,6.1732,12.1853
2025-02-20,6.2414,2.097,12.5122,2.0883,1.7603,6.2414,12.0521
2025-02-21,6.3878,2.049,12.2254,2.0405,1.72,6.3878,11.7759
2025-02-24,6.3199,2.071,12.3567,2.0624,1.7385,6.3199,11.9023
2025-02-25,6.343,2.0634,12.3118,2.0549,1.7321,6.343,11.8591
2025-02-27,6.3234,2.0698,12.3498,2.0612,1.7375,6.3234,11.8957
2025-02-28,6.3752,2.053,12.2496,2.0445,1.7234,6.3752,11.7992
2025-03-03,6.359,2.0582,12.2807,2.0497,1.7278,6.359,11.8291
2025-03-04,6.3932,2.0472,12.215,2.0387,1.7185,6.3932,11.7659
2025-03-05,6.3252,2.0692,12.3463,2.0606,1.737,6.3252,11.8924
2025-03-06,6.368,2.0553,12.2634,2.0468,1.7253,6.368,11.8125
2025-03-07,6.297,2.0785,12.4016,2.0699,1.7448,6.297,11.9456
2025-03-10,6.2604,2.0907,12.4742,2.082,1.755,6.2604,12.0155
2025-03-11,6.2037,2.1098,12.5882,2.101,1.771,6.2037,12.1253
2025-03-12,6.29,2.0808,12.4154,2.0722,1.7467,6.29,11.9589
2025-03-13,6.072,2.1555,12.8612,2.1466,1.8094,6.072,12.3883
2025-03-14,6.0802,2.1526,12.8439,2.1437,1.807,6.0802,12.3716
2025-03-17,6.1032,2.1445,12.7955,2.1356,1.8002,6.1032,12.325
2025-03-19,6.1614,2.1243,12.6746,2.1154,1.7832,6.1614,12.2086
2025-03-20,6.1497,2.1283,12.6988,2.1195,1.7866,6.1497,12.2319
2025-03-21,6.1715,2.1208,12.6539,2.112,1.7803,6.1715,12.1886
2025-03-24,0.0,2.1796,12.5704,2.1796,1.7278,6.0884,12.5704
2025-03-25,0.0,2.2166,12.7838,2.2166,1.7571,5.9868,12.7838
2025-03-26,0.0,2.233,12.8786,2.233,1.7701,5.9427,12.8786
2025-03-27,0.0,2.2301,12.8617,2.2301,1.7678,5.9505,12.8617
2025-03-28,0.0,2.2213,12.8109,2.2213,1.7608,5.9741,12.8109
2025-03-31,0.0,2.2518,12.987,2.2518,1.785,5.8931,12.987
2025-04-02,0.0,2.2694,13.0885,2.2694,1.799,5.8473,13.0885
2025-04-03,0.0,2.2876,13.1935,2.2876,1.8134,5.8008,13.1935
2025-04-07,0.0,2.1925,12.6449,2.1925,1.738,6.0525,12.6449
2025-04-08,0.0,2.3006,13.268,2.3006,1.8236,5.7682,13.268
2025-04-10,0.0,2.2894,13.2037,2.2894,1.8148,5.7964,13.2037
2025-04-11,0.0,2.2324,12.8752,2.2324,1.7696,5.9442,12.8752
2025-04-15,0.0,2.2665,13.0716,2.2665,1.7966,5.8549,13.0716
2025-04-16,0.0,2.317,13.3629,2.317,1.8367,5.7273,13.3629
2025-04-17,0.0,2.3064,13.3019,2.3064,1.8283,5.7536,13.3019
2025-04-18,0.0,2.3017,13.2748,2.3017,1.8246,5.7653,13.2748
2025-04-21,0.0,2.2853,13.18,2.2853,1.8115,5.8068,13.18
2025-04-22,0.0,2.2688,13.0852,2.2688,1.7985,5.8489,13.0852
2025-04-23,0.0,2.263,13.0513,2.263,1.7938,5.864,13.0513
2025-04-24,0.0,2.2865,13.1868,2.2865,1.8125,5.8038,13.1868
2025-04-25,0.0,2.2712,13.0987,2.2712,1.8004,5.8428,13.0987
2025-04-28,0.0,2.2313,13.4687,2.3609,1.7995,5.9474,12.8684
2025-04-29,0.0,2.2471,13.5644,2.3777,1.8123,5.9054,12.9599
2025-04-30,0.0,2.2489,13.5751,2.3795,1.8137,5.9008,12.97
2025-05-06,0.0,2.2518,13.5928,2.3826,1.8161,5.8931,12.987
2025-05-07,0.0,2.2771,13.7452,2.4093,1.8365,5.8277,13.1326
2025-05-08,0.0,2.2636,13.6637,2.395,1.8256,5.8625,13.0547
